{
    "+tweakers": [
        "cpw.mods.fml.common.launcher.FMLTweaker"
    ],
    "formatVersion": 1,
    "libraries": [
        {
            "name": "net.minecraftforge:forge:1.7.10-10.13.4.1614-1.7.10:universal",
            "url": "https://maven.minecraftforge.net/"
        },
        {
            "name": "com.typesafe.akka:akka-actor_2.11:2.3.3",
            "url": "https://maven.minecraftforge.net/"
        },
        {
            "name": "com.typesafe:config:1.2.1",
            "url": "https://maven.minecraftforge.net/"
        },
        {
            "name": "org.scala-lang:scala-actors-migration_2.11:1.1.0",
            "url": "https://maven.minecraftforge.net/"
        },
        {
            "name": "org.scala-lang:scala-compiler:2.11.1",
            "url": "https://maven.minecraftforge.net/"
        },
        {
            "name": "org.scala-lang.plugins:scala-continuations-library_2.11:1.0.2",
            "url": "https://maven.minecraftforge.net/"
        },
        {
            "name": "org.scala-lang.plugins:scala-continuations-plugin_2.11.1:1.0.2",
            "url": "https://maven.minecraftforge.net/"
        },
        {
            "name": "org.scala-lang:scala-library:2.11.1",
            "url": "https://maven.minecraftforge.net/"
        },
        {
            "name": "org.scala-lang:scala-parser-combinators_2.11:1.0.1",
            "url": "https://maven.minecraftforge.net/"
        },
        {
            "name": "org.scala-lang:scala-reflect:2.11.1",
            "url": "https://maven.minecraftforge.net/"
        },
        {
            "name": "org.scala-lang:scala-swing_2.11:1.0.1",
            "url": "https://maven.minecraftforge.net/"
        },
        {
            "name": "org.scala-lang:scala-xml_2.11:1.0.2",
            "url": "https://maven.minecraftforge.net/"
        },
        {
            "name": "lzma:lzma:0.0.1"
        },
        {
            "name": "com.google.guava:guava:17.0"
        }
    ],
    "mainClass": "com.gtnewhorizons.retrofuturabootstrap.Main",
    "name": "Forge-LWJGL3",
    "order": 5,
    "releaseTime": "2015-12-10T00:05:37-05:00",
    "requires": [
        {
            "equals": "1.7.10",
            "uid": "net.minecraft"
        }
    ],
    "uid": "net.minecraftforge",
    "version": "10.13.4.1614"
}
