{
    "conflicts": [
        {
            "uid": "org.lwjgl"
        }
    ],
    "formatVersion": 1,
    "libraries": [
        {"downloads":{"artifact":{"sha1":"c80bc9015b27332f3bd505faec889ff52f4b2c6f","size":1217267,"url":"https://nexus.gtnewhorizons.com/repository/central-sonatype-snapshots/org/lwjgl/lwjgl-freetype/3.4.2-SNAPSHOT/lwjgl-freetype-3.4.2-20260213.173042-1-natives-freebsd.jar"}},"name":"org.lwjgl:lwjgl-freetype-natives-freebsd:3.4.2-20260213.173042-1","rules":[{"action":"allow","os":{"name":"freebsd"}}]},
{"downloads":{"artifact":{"sha1":"ef962429d90b59e881f47a4764a0ce73d4b3e0dd","size":1075323,"url":"https://nexus.gtnewhorizons.com/repository/central-sonatype-snapshots/org/lwjgl/lwjgl-freetype/3.4.2-SNAPSHOT/lwjgl-freetype-3.4.2-20260213.173042-1-natives-linux-arm32.jar"}},"name":"org.lwjgl:lwjgl-freetype-natives-linux-arm32:3.4.2-20260213.173042-1","rules":[{"action":"allow","os":{"name":"linux-arm32"}}]},
{"downloads":{"artifact":{"sha1":"fcac03e10941986a83e476ae027f66508b1ff2c7","size":1309580,"url":"https://nexus.gtnewhorizons.com/repository/central-sonatype-snapshots/org/lwjgl/lwjgl-freetype/3.4.2-SNAPSHOT/lwjgl-freetype-3.4.2-20260213.173042-1-natives-linux-arm64.jar"}},"name":"org.lwjgl:lwjgl-freetype-natives-linux-arm64:3.4.2-20260213.173042-1","rules":[{"action":"allow","os":{"name":"linux-arm64"}}]},
{"downloads":{"artifact":{"sha1":"0cc55b5edd508a1b5bde299cb7c0425ed8aa32b2","size":1571939,"url":"https://nexus.gtnewhorizons.com/repository/central-sonatype-snapshots/org/lwjgl/lwjgl-freetype/3.4.2-SNAPSHOT/lwjgl-freetype-3.4.2-20260213.173042-1-natives-linux-ppc64le.jar"}},"name":"org.lwjgl:lwjgl-freetype-natives-linux-ppc64le:3.4.2-20260213.173042-1","rules":[{"action":"allow","os":{"name":"linux-ppc64le"}}]},
{"downloads":{"artifact":{"sha1":"d491230bb6874684162a68a76a7606a14bc69444","size":1390073,"url":"https://nexus.gtnewhorizons.com/repository/central-sonatype-snapshots/org/lwjgl/lwjgl-freetype/3.4.2-SNAPSHOT/lwjgl-freetype-3.4.2-20260213.173042-1-natives-linux.jar"}},"name":"org.lwjgl:lwjgl-freetype-natives-linux:3.4.2-20260213.173042-1","rules":[{"action":"allow","os":{"name":"linux"}}]},
{"downloads":{"artifact":{"sha1":"8376697681924b4da3c04eb3975919b0b73b18f3","size":1071667,"url":"https://nexus.gtnewhorizons.com/repository/central-sonatype-snapshots/org/lwjgl/lwjgl-freetype/3.4.2-SNAPSHOT/lwjgl-freetype-3.4.2-20260213.173042-1-natives-macos-arm64.jar"}},"name":"org.lwjgl:lwjgl-freetype-natives-macos-arm64:3.4.2-20260213.173042-1","rules":[{"action":"allow","os":{"name":"osx"}},{"action":"allow","os":{"name":"osx-arm64"}}]},
{"downloads":{"artifact":{"sha1":"4fa68e1b9d5aa18c1169d1efa8c45bc6d36511d7","size":1181301,"url":"https://nexus.gtnewhorizons.com/repository/central-sonatype-snapshots/org/lwjgl/lwjgl-freetype/3.4.2-SNAPSHOT/lwjgl-freetype-3.4.2-20260213.173042-1-natives-macos.jar"}},"name":"org.lwjgl:lwjgl-freetype-natives-macos:3.4.2-20260213.173042-1","rules":[{"action":"allow","os":{"name":"osx"}}]},
{"downloads":{"artifact":{"sha1":"cee7a7b569d935c4d53a40607c9970c596283c62","size":970172,"url":"https://nexus.gtnewhorizons.com/repository/central-sonatype-snapshots/org/lwjgl/lwjgl-freetype/3.4.2-SNAPSHOT/lwjgl-freetype-3.4.2-20260213.173042-1-natives-windows-arm64.jar"}},"name":"org.lwjgl:lwjgl-freetype-natives-windows-arm64:3.4.2-20260213.173042-1","rules":[{"action":"allow","os":{"name":"windows"}},{"action":"allow","os":{"name":"windows-arm64"}}]},
{"downloads":{"artifact":{"sha1":"6127086401f8aa164736c807de74250351f4b520","size":934297,"url":"https://nexus.gtnewhorizons.com/repository/central-sonatype-snapshots/org/lwjgl/lwjgl-freetype/3.4.2-SNAPSHOT/lwjgl-freetype-3.4.2-20260213.173042-1-natives-windows-x86.jar"}},"name":"org.lwjgl:lwjgl-freetype-natives-windows-x86:3.4.2-20260213.173042-1","rules":[{"action":"allow","os":{"name":"windows"}}]},
{"downloads":{"artifact":{"sha1":"58aa2b9979f88dc260bda19c76e8d786e6d96289","size":1086625,"url":"https://nexus.gtnewhorizons.com/repository/central-sonatype-snapshots/org/lwjgl/lwjgl-freetype/3.4.2-SNAPSHOT/lwjgl-freetype-3.4.2-20260213.173042-1-natives-windows.jar"}},"name":"org.lwjgl:lwjgl-freetype-natives-windows:3.4.2-20260213.173042-1","rules":[{"action":"allow","os":{"name":"windows"}}]},
{"downloads":{"artifact":{"sha1":"85285d3b0b7491517736ea44da30a4440c0a485d","size":464354,"url":"https://nexus.gtnewhorizons.com/repository/central-sonatype-snapshots/org/lwjgl/lwjgl-freetype/3.4.2-SNAPSHOT/lwjgl-freetype-3.4.2-20260213.173042-1.jar"}},"name":"org.lwjgl:lwjgl-freetype:3.4.2-20260213.173042-1"},
{"downloads":{"artifact":{"sha1":"ad9421793b04d909f37b23196b6b449392583fc9","size":314014,"url":"https://nexus.gtnewhorizons.com/repository/central-sonatype-snapshots/org/lwjgl/lwjgl-harfbuzz/3.4.2-SNAPSHOT/lwjgl-harfbuzz-3.4.2-20260213.173042-1.jar"}},"name":"org.lwjgl:lwjgl-harfbuzz:3.4.2-20260213.173042-1"},
{"downloads":{"artifact":{"sha1":"f7d58273ca1ed95d10e311d3a67c7057da037f1c","size":159430,"url":"https://nexus.gtnewhorizons.com/repository/central-sonatype-snapshots/org/lwjgl/lwjgl-jemalloc/3.4.2-SNAPSHOT/lwjgl-jemalloc-3.4.2-20260213.173042-1-natives-freebsd.jar"}},"name":"org.lwjgl:lwjgl-jemalloc-natives-freebsd:3.4.2-20260213.173042-1","rules":[{"action":"allow","os":{"name":"freebsd"}}]},
{"downloads":{"artifact":{"sha1":"07f3ca1f926da8c9113e57d7220021bb318aa98c","size":189089,"url":"https://nexus.gtnewhorizons.com/repository/central-sonatype-snapshots/org/lwjgl/lwjgl-jemalloc/3.4.2-SNAPSHOT/lwjgl-jemalloc-3.4.2-20260213.173042-1-natives-linux-arm32.jar"}},"name":"org.lwjgl:lwjgl-jemalloc-natives-linux-arm32:3.4.2-20260213.173042-1","rules":[{"action":"allow","os":{"name":"linux-arm32"}}]},
{"downloads":{"artifact":{"sha1":"141b4b81ddfdca2405ca4685a12f11fed0a5721b","size":238742,"url":"https://nexus.gtnewhorizons.com/repository/central-sonatype-snapshots/org/lwjgl/lwjgl-jemalloc/3.4.2-SNAPSHOT/lwjgl-jemalloc-3.4.2-20260213.173042-1-natives-linux-arm64.jar"}},"name":"org.lwjgl:lwjgl-jemalloc-natives-linux-arm64:3.4.2-20260213.173042-1","rules":[{"action":"allow","os":{"name":"linux-arm64"}}]},
{"downloads":{"artifact":{"sha1":"538c68f0a311c0aeb75a600b47f1054437ce4a61","size":283789,"url":"https://nexus.gtnewhorizons.com/repository/central-sonatype-snapshots/org/lwjgl/lwjgl-jemalloc/3.4.2-SNAPSHOT/lwjgl-jemalloc-3.4.2-20260213.173042-1-natives-linux-ppc64le.jar"}},"name":"org.lwjgl:lwjgl-jemalloc-natives-linux-ppc64le:3.4.2-20260213.173042-1","rules":[{"action":"allow","os":{"name":"linux-ppc64le"}}]},
{"downloads":{"artifact":{"sha1":"9cc8a1542c67f5ebac7cae37836b5c70688bddcd","size":226758,"url":"https://nexus.gtnewhorizons.com/repository/central-sonatype-snapshots/org/lwjgl/lwjgl-jemalloc/3.4.2-SNAPSHOT/lwjgl-jemalloc-3.4.2-20260213.173042-1-natives-linux.jar"}},"name":"org.lwjgl:lwjgl-jemalloc-natives-linux:3.4.2-20260213.173042-1","rules":[{"action":"allow","os":{"name":"linux"}}]},
{"downloads":{"artifact":{"sha1":"99b67c69f735169696c52ec80f6c8a1ff60e03c2","size":136466,"url":"https://nexus.gtnewhorizons.com/repository/central-sonatype-snapshots/org/lwjgl/lwjgl-jemalloc/3.4.2-SNAPSHOT/lwjgl-jemalloc-3.4.2-20260213.173042-1-natives-macos-arm64.jar"}},"name":"org.lwjgl:lwjgl-jemalloc-natives-macos-arm64:3.4.2-20260213.173042-1","rules":[{"action":"allow","os":{"name":"osx"}},{"action":"allow","os":{"name":"osx-arm64"}}]},
{"downloads":{"artifact":{"sha1":"a196e5bfbe574b680a17727bf3a0f08b315b0404","size":145749,"url":"https://nexus.gtnewhorizons.com/repository/central-sonatype-snapshots/org/lwjgl/lwjgl-jemalloc/3.4.2-SNAPSHOT/lwjgl-jemalloc-3.4.2-20260213.173042-1-natives-macos.jar"}},"name":"org.lwjgl:lwjgl-jemalloc-natives-macos:3.4.2-20260213.173042-1","rules":[{"action":"allow","os":{"name":"osx"}}]},
{"downloads":{"artifact":{"sha1":"d97117084cc6250e6dd503dff754684e5363d3dc","size":158950,"url":"https://nexus.gtnewhorizons.com/repository/central-sonatype-snapshots/org/lwjgl/lwjgl-jemalloc/3.4.2-SNAPSHOT/lwjgl-jemalloc-3.4.2-20260213.173042-1-natives-windows-arm64.jar"}},"name":"org.lwjgl:lwjgl-jemalloc-natives-windows-arm64:3.4.2-20260213.173042-1","rules":[{"action":"allow","os":{"name":"windows"}},{"action":"allow","os":{"name":"windows-arm64"}}]},
{"downloads":{"artifact":{"sha1":"57839dc20a3d3ad178d483c92fc884bde28d3d94","size":151201,"url":"https://nexus.gtnewhorizons.com/repository/central-sonatype-snapshots/org/lwjgl/lwjgl-jemalloc/3.4.2-SNAPSHOT/lwjgl-jemalloc-3.4.2-20260213.173042-1-natives-windows-x86.jar"}},"name":"org.lwjgl:lwjgl-jemalloc-natives-windows-x86:3.4.2-20260213.173042-1","rules":[{"action":"allow","os":{"name":"windows"}}]},
{"downloads":{"artifact":{"sha1":"d26fb9b57ff9f00a27825d80d692913b4caec0ef","size":184351,"url":"https://nexus.gtnewhorizons.com/repository/central-sonatype-snapshots/org/lwjgl/lwjgl-jemalloc/3.4.2-SNAPSHOT/lwjgl-jemalloc-3.4.2-20260213.173042-1-natives-windows.jar"}},"name":"org.lwjgl:lwjgl-jemalloc-natives-windows:3.4.2-20260213.173042-1","rules":[{"action":"allow","os":{"name":"windows"}}]},
{"downloads":{"artifact":{"sha1":"bd68fb1a7d8342347cf76560113720e7b837c654","size":47883,"url":"https://nexus.gtnewhorizons.com/repository/central-sonatype-snapshots/org/lwjgl/lwjgl-jemalloc/3.4.2-SNAPSHOT/lwjgl-jemalloc-3.4.2-20260213.173042-1.jar"}},"name":"org.lwjgl:lwjgl-jemalloc:3.4.2-20260213.173042-1"},
{"downloads":{"artifact":{"sha1":"ae56169aea93ee6e6bed30ae8d09f61c373e5648","size":103214,"url":"https://nexus.gtnewhorizons.com/repository/central-sonatype-snapshots/org/lwjgl/lwjgl/3.4.2-SNAPSHOT/lwjgl-3.4.2-20260213.173042-1-natives-freebsd.jar"}},"name":"org.lwjgl:lwjgl-natives-freebsd:3.4.2-20260213.173042-1","rules":[{"action":"allow","os":{"name":"freebsd"}}]},
{"downloads":{"artifact":{"sha1":"58e40a67c2890df6ec70d8428876dd1342992bc0","size":94141,"url":"https://nexus.gtnewhorizons.com/repository/central-sonatype-snapshots/org/lwjgl/lwjgl/3.4.2-SNAPSHOT/lwjgl-3.4.2-20260213.173042-1-natives-linux-arm32.jar"}},"name":"org.lwjgl:lwjgl-natives-linux-arm32:3.4.2-20260213.173042-1","rules":[{"action":"allow","os":{"name":"linux-arm32"}}]},
{"downloads":{"artifact":{"sha1":"6ee424022e5af17ccf024b42209ea3958256b925","size":120935,"url":"https://nexus.gtnewhorizons.com/repository/central-sonatype-snapshots/org/lwjgl/lwjgl/3.4.2-SNAPSHOT/lwjgl-3.4.2-20260213.173042-1-natives-linux-arm64.jar"}},"name":"org.lwjgl:lwjgl-natives-linux-arm64:3.4.2-20260213.173042-1","rules":[{"action":"allow","os":{"name":"linux-arm64"}}]},
{"downloads":{"artifact":{"sha1":"0699324923c971a53fc4aa486af31cc828e46dca","size":139958,"url":"https://nexus.gtnewhorizons.com/repository/central-sonatype-snapshots/org/lwjgl/lwjgl/3.4.2-SNAPSHOT/lwjgl-3.4.2-20260213.173042-1-natives-linux-ppc64le.jar"}},"name":"org.lwjgl:lwjgl-natives-linux-ppc64le:3.4.2-20260213.173042-1","rules":[{"action":"allow","os":{"name":"linux-ppc64le"}}]},
{"downloads":{"artifact":{"sha1":"e00529a1083ac8ee95cdf84f4426a366847da8e6","size":128564,"url":"https://nexus.gtnewhorizons.com/repository/central-sonatype-snapshots/org/lwjgl/lwjgl/3.4.2-SNAPSHOT/lwjgl-3.4.2-20260213.173042-1-natives-linux.jar"}},"name":"org.lwjgl:lwjgl-natives-linux:3.4.2-20260213.173042-1","rules":[{"action":"allow","os":{"name":"linux"}}]},
{"downloads":{"artifact":{"sha1":"7516b769dea6de857e73606222368bed756326ba","size":52654,"url":"https://nexus.gtnewhorizons.com/repository/central-sonatype-snapshots/org/lwjgl/lwjgl/3.4.2-SNAPSHOT/lwjgl-3.4.2-20260213.173042-1-natives-macos-arm64.jar"}},"name":"org.lwjgl:lwjgl-natives-macos-arm64:3.4.2-20260213.173042-1","rules":[{"action":"allow","os":{"name":"osx"}},{"action":"allow","os":{"name":"osx-arm64"}}]},
{"downloads":{"artifact":{"sha1":"c2d2de967cce1a017cfd79738b062d18bed6fba0","size":77749,"url":"https://nexus.gtnewhorizons.com/repository/central-sonatype-snapshots/org/lwjgl/lwjgl/3.4.2-SNAPSHOT/lwjgl-3.4.2-20260213.173042-1-natives-macos.jar"}},"name":"org.lwjgl:lwjgl-natives-macos:3.4.2-20260213.173042-1","rules":[{"action":"allow","os":{"name":"osx"}}]},
{"downloads":{"artifact":{"sha1":"a3cd7f1f3eb9e9e3db72b7b289e57d90e2017f13","size":148151,"url":"https://nexus.gtnewhorizons.com/repository/central-sonatype-snapshots/org/lwjgl/lwjgl/3.4.2-SNAPSHOT/lwjgl-3.4.2-20260213.173042-1-natives-windows-arm64.jar"}},"name":"org.lwjgl:lwjgl-natives-windows-arm64:3.4.2-20260213.173042-1","rules":[{"action":"allow","os":{"name":"windows"}},{"action":"allow","os":{"name":"windows-arm64"}}]},
{"downloads":{"artifact":{"sha1":"9a4426b22af6c30a2ca0304a511ada18a41bda96","size":149874,"url":"https://nexus.gtnewhorizons.com/repository/central-sonatype-snapshots/org/lwjgl/lwjgl/3.4.2-SNAPSHOT/lwjgl-3.4.2-20260213.173042-1-natives-windows-x86.jar"}},"name":"org.lwjgl:lwjgl-natives-windows-x86:3.4.2-20260213.173042-1","rules":[{"action":"allow","os":{"name":"windows"}}]},
{"downloads":{"artifact":{"sha1":"e93c724e69b10669378353907f8f052e7352a206","size":177042,"url":"https://nexus.gtnewhorizons.com/repository/central-sonatype-snapshots/org/lwjgl/lwjgl/3.4.2-SNAPSHOT/lwjgl-3.4.2-20260213.173042-1-natives-windows.jar"}},"name":"org.lwjgl:lwjgl-natives-windows:3.4.2-20260213.173042-1","rules":[{"action":"allow","os":{"name":"windows"}}]},
{"downloads":{"artifact":{"sha1":"3e08605d0c72fba903bf2b492512c8db5b1c4c51","size":212804,"url":"https://nexus.gtnewhorizons.com/repository/central-sonatype-snapshots/org/lwjgl/lwjgl-nuklear/3.4.2-SNAPSHOT/lwjgl-nuklear-3.4.2-20260213.173042-1-natives-freebsd.jar"}},"name":"org.lwjgl:lwjgl-nuklear-natives-freebsd:3.4.2-20260213.173042-1","rules":[{"action":"allow","os":{"name":"freebsd"}}]},
{"downloads":{"artifact":{"sha1":"b3f265d0d8b47432dec6beeae88635c379e40fc1","size":176293,"url":"https://nexus.gtnewhorizons.com/repository/central-sonatype-snapshots/org/lwjgl/lwjgl-nuklear/3.4.2-SNAPSHOT/lwjgl-nuklear-3.4.2-20260213.173042-1-natives-linux-arm32.jar"}},"name":"org.lwjgl:lwjgl-nuklear-natives-linux-arm32:3.4.2-20260213.173042-1","rules":[{"action":"allow","os":{"name":"linux-arm32"}}]},
{"downloads":{"artifact":{"sha1":"b9353fa1e8f93790c1fb9a9aa984d2121971ba65","size":217797,"url":"https://nexus.gtnewhorizons.com/repository/central-sonatype-snapshots/org/lwjgl/lwjgl-nuklear/3.4.2-SNAPSHOT/lwjgl-nuklear-3.4.2-20260213.173042-1-natives-linux-arm64.jar"}},"name":"org.lwjgl:lwjgl-nuklear-natives-linux-arm64:3.4.2-20260213.173042-1","rules":[{"action":"allow","os":{"name":"linux-arm64"}}]},
{"downloads":{"artifact":{"sha1":"c8baa24d9e41f5f051f5b3085fbcaeb7a4f1d197","size":264783,"url":"https://nexus.gtnewhorizons.com/repository/central-sonatype-snapshots/org/lwjgl/lwjgl-nuklear/3.4.2-SNAPSHOT/lwjgl-nuklear-3.4.2-20260213.173042-1-natives-linux-ppc64le.jar"}},"name":"org.lwjgl:lwjgl-nuklear-natives-linux-ppc64le:3.4.2-20260213.173042-1","rules":[{"action":"allow","os":{"name":"linux-ppc64le"}}]},
{"downloads":{"artifact":{"sha1":"a91d39fd095c219e2a2578fc501c18d42a8df62e","size":220207,"url":"https://nexus.gtnewhorizons.com/repository/central-sonatype-snapshots/org/lwjgl/lwjgl-nuklear/3.4.2-SNAPSHOT/lwjgl-nuklear-3.4.2-20260213.173042-1-natives-linux.jar"}},"name":"org.lwjgl:lwjgl-nuklear-natives-linux:3.4.2-20260213.173042-1","rules":[{"action":"allow","os":{"name":"linux"}}]},
{"downloads":{"artifact":{"sha1":"adb36d5ad4b43ce9db19da0387ba1f93cfca8845","size":154647,"url":"https://nexus.gtnewhorizons.com/repository/central-sonatype-snapshots/org/lwjgl/lwjgl-nuklear/3.4.2-SNAPSHOT/lwjgl-nuklear-3.4.2-20260213.173042-1-natives-macos-arm64.jar"}},"name":"org.lwjgl:lwjgl-nuklear-natives-macos-arm64:3.4.2-20260213.173042-1","rules":[{"action":"allow","os":{"name":"osx"}},{"action":"allow","os":{"name":"osx-arm64"}}]},
{"downloads":{"artifact":{"sha1":"a94bff14d513a2a63740c15c8a1044de81b2a0be","size":211340,"url":"https://nexus.gtnewhorizons.com/repository/central-sonatype-snapshots/org/lwjgl/lwjgl-nuklear/3.4.2-SNAPSHOT/lwjgl-nuklear-3.4.2-20260213.173042-1-natives-macos.jar"}},"name":"org.lwjgl:lwjgl-nuklear-natives-macos:3.4.2-20260213.173042-1","rules":[{"action":"allow","os":{"name":"osx"}}]},
{"downloads":{"artifact":{"sha1":"3e2df91c80223fd3b9ccb92ea63ad42b50fafbfc","size":176105,"url":"https://nexus.gtnewhorizons.com/repository/central-sonatype-snapshots/org/lwjgl/lwjgl-nuklear/3.4.2-SNAPSHOT/lwjgl-nuklear-3.4.2-20260213.173042-1-natives-windows-arm64.jar"}},"name":"org.lwjgl:lwjgl-nuklear-natives-windows-arm64:3.4.2-20260213.173042-1","rules":[{"action":"allow","os":{"name":"windows"}},{"action":"allow","os":{"name":"windows-arm64"}}]},
{"downloads":{"artifact":{"sha1":"1090a8cf8463dee9bcdca0a741281c81e1b741d9","size":182370,"url":"https://nexus.gtnewhorizons.com/repository/central-sonatype-snapshots/org/lwjgl/lwjgl-nuklear/3.4.2-SNAPSHOT/lwjgl-nuklear-3.4.2-20260213.173042-1-natives-windows-x86.jar"}},"name":"org.lwjgl:lwjgl-nuklear-natives-windows-x86:3.4.2-20260213.173042-1","rules":[{"action":"allow","os":{"name":"windows"}}]},
{"downloads":{"artifact":{"sha1":"e972cedc2e3ed4f58b87b777b409db37d67c9330","size":221164,"url":"https://nexus.gtnewhorizons.com/repository/central-sonatype-snapshots/org/lwjgl/lwjgl-nuklear/3.4.2-SNAPSHOT/lwjgl-nuklear-3.4.2-20260213.173042-1-natives-windows.jar"}},"name":"org.lwjgl:lwjgl-nuklear-natives-windows:3.4.2-20260213.173042-1","rules":[{"action":"allow","os":{"name":"windows"}}]},
{"downloads":{"artifact":{"sha1":"df95f06eda1f2d056d2bb4abad23abdd7a361b13","size":498711,"url":"https://nexus.gtnewhorizons.com/repository/central-sonatype-snapshots/org/lwjgl/lwjgl-nuklear/3.4.2-SNAPSHOT/lwjgl-nuklear-3.4.2-20260213.173042-1.jar"}},"name":"org.lwjgl:lwjgl-nuklear:3.4.2-20260213.173042-1"},
{"downloads":{"artifact":{"sha1":"1adffc521647f56534550757ed5054470d5d6347","size":830103,"url":"https://nexus.gtnewhorizons.com/repository/central-sonatype-snapshots/org/lwjgl/lwjgl-openal/3.4.2-SNAPSHOT/lwjgl-openal-3.4.2-20260213.173042-1-natives-freebsd.jar"}},"name":"org.lwjgl:lwjgl-openal-natives-freebsd:3.4.2-20260213.173042-1","rules":[{"action":"allow","os":{"name":"freebsd"}}]},
{"downloads":{"artifact":{"sha1":"dac15701b0a7bca462d52fb959d71668beea33d9","size":776409,"url":"https://nexus.gtnewhorizons.com/repository/central-sonatype-snapshots/org/lwjgl/lwjgl-openal/3.4.2-SNAPSHOT/lwjgl-openal-3.4.2-20260213.173042-1-natives-linux-arm32.jar"}},"name":"org.lwjgl:lwjgl-openal-natives-linux-arm32:3.4.2-20260213.173042-1","rules":[{"action":"allow","os":{"name":"linux-arm32"}}]},
{"downloads":{"artifact":{"sha1":"7b2b787ed6372e5d8e3371e481044ca789eefcba","size":839908,"url":"https://nexus.gtnewhorizons.com/repository/central-sonatype-snapshots/org/lwjgl/lwjgl-openal/3.4.2-SNAPSHOT/lwjgl-openal-3.4.2-20260213.173042-1-natives-linux-arm64.jar"}},"name":"org.lwjgl:lwjgl-openal-natives-linux-arm64:3.4.2-20260213.173042-1","rules":[{"action":"allow","os":{"name":"linux-arm64"}}]},
{"downloads":{"artifact":{"sha1":"32722b922410d3ae05927c81a8661605e9391554","size":945577,"url":"https://nexus.gtnewhorizons.com/repository/central-sonatype-snapshots/org/lwjgl/lwjgl-openal/3.4.2-SNAPSHOT/lwjgl-openal-3.4.2-20260213.173042-1-natives-linux-ppc64le.jar"}},"name":"org.lwjgl:lwjgl-openal-natives-linux-ppc64le:3.4.2-20260213.173042-1","rules":[{"action":"allow","os":{"name":"linux-ppc64le"}}]},
{"downloads":{"artifact":{"sha1":"259f60613b6ad2147e6034669393619de0c23c9a","size":976456,"url":"https://nexus.gtnewhorizons.com/repository/central-sonatype-snapshots/org/lwjgl/lwjgl-openal/3.4.2-SNAPSHOT/lwjgl-openal-3.4.2-20260213.173042-1-natives-linux.jar"}},"name":"org.lwjgl:lwjgl-openal-natives-linux:3.4.2-20260213.173042-1","rules":[{"action":"allow","os":{"name":"linux"}}]},
{"downloads":{"artifact":{"sha1":"2d7008e16aac871b0765146144cd738de14d8efb","size":613152,"url":"https://nexus.gtnewhorizons.com/repository/central-sonatype-snapshots/org/lwjgl/lwjgl-openal/3.4.2-SNAPSHOT/lwjgl-openal-3.4.2-20260213.173042-1-natives-macos-arm64.jar"}},"name":"org.lwjgl:lwjgl-openal-natives-macos-arm64:3.4.2-20260213.173042-1","rules":[{"action":"allow","os":{"name":"osx"}},{"action":"allow","os":{"name":"osx-arm64"}}]},
{"downloads":{"artifact":{"sha1":"7a24b5b8b58321114e6f19b4b48be633cad7db7a","size":663516,"url":"https://nexus.gtnewhorizons.com/repository/central-sonatype-snapshots/org/lwjgl/lwjgl-openal/3.4.2-SNAPSHOT/lwjgl-openal-3.4.2-20260213.173042-1-natives-macos.jar"}},"name":"org.lwjgl:lwjgl-openal-natives-macos:3.4.2-20260213.173042-1","rules":[{"action":"allow","os":{"name":"osx"}}]},
{"downloads":{"artifact":{"sha1":"744825bebc1698f4eaf750602d45ef99524686ab","size":885211,"url":"https://nexus.gtnewhorizons.com/repository/central-sonatype-snapshots/org/lwjgl/lwjgl-openal/3.4.2-SNAPSHOT/lwjgl-openal-3.4.2-20260213.173042-1-natives-windows-arm64.jar"}},"name":"org.lwjgl:lwjgl-openal-natives-windows-arm64:3.4.2-20260213.173042-1","rules":[{"action":"allow","os":{"name":"windows"}},{"action":"allow","os":{"name":"windows-arm64"}}]},
{"downloads":{"artifact":{"sha1":"34defb5e1e3e7ebb214cfb83209c804289d4306a","size":906809,"url":"https://nexus.gtnewhorizons.com/repository/central-sonatype-snapshots/org/lwjgl/lwjgl-openal/3.4.2-SNAPSHOT/lwjgl-openal-3.4.2-20260213.173042-1-natives-windows-x86.jar"}},"name":"org.lwjgl:lwjgl-openal-natives-windows-x86:3.4.2-20260213.173042-1","rules":[{"action":"allow","os":{"name":"windows"}}]},
{"downloads":{"artifact":{"sha1":"f7c1999be5f5e24b5b3cce7c9a8b9674107506f1","size":978837,"url":"https://nexus.gtnewhorizons.com/repository/central-sonatype-snapshots/org/lwjgl/lwjgl-openal/3.4.2-SNAPSHOT/lwjgl-openal-3.4.2-20260213.173042-1-natives-windows.jar"}},"name":"org.lwjgl:lwjgl-openal-natives-windows:3.4.2-20260213.173042-1","rules":[{"action":"allow","os":{"name":"windows"}}]},
{"downloads":{"artifact":{"sha1":"9f7c1be341fb3f7cbf0d0e3cd19a27ac58f5e347","size":153932,"url":"https://nexus.gtnewhorizons.com/repository/central-sonatype-snapshots/org/lwjgl/lwjgl-openal/3.4.2-SNAPSHOT/lwjgl-openal-3.4.2-20260213.173042-1.jar"}},"name":"org.lwjgl:lwjgl-openal:3.4.2-20260213.173042-1"},
{"downloads":{"artifact":{"sha1":"4833a3876467f763cd02931364fbccc26d2936d0","size":83028,"url":"https://nexus.gtnewhorizons.com/repository/central-sonatype-snapshots/org/lwjgl/lwjgl-opengl/3.4.2-SNAPSHOT/lwjgl-opengl-3.4.2-20260213.173042-1-natives-freebsd.jar"}},"name":"org.lwjgl:lwjgl-opengl-natives-freebsd:3.4.2-20260213.173042-1","rules":[{"action":"allow","os":{"name":"freebsd"}}]},
{"downloads":{"artifact":{"sha1":"ca2ef181d8efd95dac6cfba3fdcdc06a22ee0c46","size":59353,"url":"https://nexus.gtnewhorizons.com/repository/central-sonatype-snapshots/org/lwjgl/lwjgl-opengl/3.4.2-SNAPSHOT/lwjgl-opengl-3.4.2-20260213.173042-1-natives-linux-arm32.jar"}},"name":"org.lwjgl:lwjgl-opengl-natives-linux-arm32:3.4.2-20260213.173042-1","rules":[{"action":"allow","os":{"name":"linux-arm32"}}]},
{"downloads":{"artifact":{"sha1":"58a08204c457a5ac8e7cf51516cb11cc184fa5c2","size":80865,"url":"https://nexus.gtnewhorizons.com/repository/central-sonatype-snapshots/org/lwjgl/lwjgl-opengl/3.4.2-SNAPSHOT/lwjgl-opengl-3.4.2-20260213.173042-1-natives-linux-arm64.jar"}},"name":"org.lwjgl:lwjgl-opengl-natives-linux-arm64:3.4.2-20260213.173042-1","rules":[{"action":"allow","os":{"name":"linux-arm64"}}]},
{"downloads":{"artifact":{"sha1":"e710d753f541d22176c3d77a71251594dff0aa1e","size":87961,"url":"https://nexus.gtnewhorizons.com/repository/central-sonatype-snapshots/org/lwjgl/lwjgl-opengl/3.4.2-SNAPSHOT/lwjgl-opengl-3.4.2-20260213.173042-1-natives-linux-ppc64le.jar"}},"name":"org.lwjgl:lwjgl-opengl-natives-linux-ppc64le:3.4.2-20260213.173042-1","rules":[{"action":"allow","os":{"name":"linux-ppc64le"}}]},
{"downloads":{"artifact":{"sha1":"da69fd8637a54ea6fbbc750fa65bb14ba955fbf0","size":82259,"url":"https://nexus.gtnewhorizons.com/repository/central-sonatype-snapshots/org/lwjgl/lwjgl-opengl/3.4.2-SNAPSHOT/lwjgl-opengl-3.4.2-20260213.173042-1-natives-linux.jar"}},"name":"org.lwjgl:lwjgl-opengl-natives-linux:3.4.2-20260213.173042-1","rules":[{"action":"allow","os":{"name":"linux"}}]},
{"downloads":{"artifact":{"sha1":"345dd2f9361e9062db6a349ad477e28b44102238","size":43564,"url":"https://nexus.gtnewhorizons.com/repository/central-sonatype-snapshots/org/lwjgl/lwjgl-opengl/3.4.2-SNAPSHOT/lwjgl-opengl-3.4.2-20260213.173042-1-natives-macos-arm64.jar"}},"name":"org.lwjgl:lwjgl-opengl-natives-macos-arm64:3.4.2-20260213.173042-1","rules":[{"action":"allow","os":{"name":"osx"}},{"action":"allow","os":{"name":"osx-arm64"}}]},
{"downloads":{"artifact":{"sha1":"1b74a0822b05e1f5deeef8b418cc45fe90261d45","size":55006,"url":"https://nexus.gtnewhorizons.com/repository/central-sonatype-snapshots/org/lwjgl/lwjgl-opengl/3.4.2-SNAPSHOT/lwjgl-opengl-3.4.2-20260213.173042-1-natives-macos.jar"}},"name":"org.lwjgl:lwjgl-opengl-natives-macos:3.4.2-20260213.173042-1","rules":[{"action":"allow","os":{"name":"osx"}}]},
{"downloads":{"artifact":{"sha1":"f6dcb86965508057d7f83cbc6552f7458d2a5208","size":84852,"url":"https://nexus.gtnewhorizons.com/repository/central-sonatype-snapshots/org/lwjgl/lwjgl-opengl/3.4.2-SNAPSHOT/lwjgl-opengl-3.4.2-20260213.173042-1-natives-windows-arm64.jar"}},"name":"org.lwjgl:lwjgl-opengl-natives-windows-arm64:3.4.2-20260213.173042-1","rules":[{"action":"allow","os":{"name":"windows"}},{"action":"allow","os":{"name":"windows-arm64"}}]},
{"downloads":{"artifact":{"sha1":"fca846aa0d1387cf450bf3bb59bd44a1e28106e1","size":90667,"url":"https://nexus.gtnewhorizons.com/repository/central-sonatype-snapshots/org/lwjgl/lwjgl-opengl/3.4.2-SNAPSHOT/lwjgl-opengl-3.4.2-20260213.173042-1-natives-windows-x86.jar"}},"name":"org.lwjgl:lwjgl-opengl-natives-windows-x86:3.4.2-20260213.173042-1","rules":[{"action":"allow","os":{"name":"windows"}}]},
{"downloads":{"artifact":{"sha1":"60620df179a89e24dd4cabf7354e4facb6d8be6b","size":98299,"url":"https://nexus.gtnewhorizons.com/repository/central-sonatype-snapshots/org/lwjgl/lwjgl-opengl/3.4.2-SNAPSHOT/lwjgl-opengl-3.4.2-20260213.173042-1-natives-windows.jar"}},"name":"org.lwjgl:lwjgl-opengl-natives-windows:3.4.2-20260213.173042-1","rules":[{"action":"allow","os":{"name":"windows"}}]},
{"downloads":{"artifact":{"sha1":"ad504fe7467ba7bea8d333ba3feca44e03b64149","size":953666,"url":"https://nexus.gtnewhorizons.com/repository/central-sonatype-snapshots/org/lwjgl/lwjgl-opengl/3.4.2-SNAPSHOT/lwjgl-opengl-3.4.2-20260213.173042-1.jar"}},"name":"org.lwjgl:lwjgl-opengl:3.4.2-20260213.173042-1"},
{"downloads":{"artifact":{"sha1":"8508b64cc42cab73ac164214afcccebe20434fdd","size":1241882,"url":"https://nexus.gtnewhorizons.com/repository/central-sonatype-snapshots/org/lwjgl/lwjgl-sdl/3.4.2-SNAPSHOT/lwjgl-sdl-3.4.2-20260213.173042-1-natives-freebsd.jar"}},"name":"org.lwjgl:lwjgl-sdl-natives-freebsd:3.4.2-20260213.173042-1","rules":[{"action":"allow","os":{"name":"freebsd"}}]},
{"downloads":{"artifact":{"sha1":"7a60afd8dcaea06fd012baa2915cd1f93559b6a0","size":1166686,"url":"https://nexus.gtnewhorizons.com/repository/central-sonatype-snapshots/org/lwjgl/lwjgl-sdl/3.4.2-SNAPSHOT/lwjgl-sdl-3.4.2-20260213.173042-1-natives-linux-arm32.jar"}},"name":"org.lwjgl:lwjgl-sdl-natives-linux-arm32:3.4.2-20260213.173042-1","rules":[{"action":"allow","os":{"name":"linux-arm32"}}]},
{"downloads":{"artifact":{"sha1":"4dfbe57be6f91004db03cfd089c120e59621d222","size":1434456,"url":"https://nexus.gtnewhorizons.com/repository/central-sonatype-snapshots/org/lwjgl/lwjgl-sdl/3.4.2-SNAPSHOT/lwjgl-sdl-3.4.2-20260213.173042-1-natives-linux-arm64.jar"}},"name":"org.lwjgl:lwjgl-sdl-natives-linux-arm64:3.4.2-20260213.173042-1","rules":[{"action":"allow","os":{"name":"linux-arm64"}}]},
{"downloads":{"artifact":{"sha1":"8695c6c94eb32325baf2b6424495a659feb7a123","size":1508149,"url":"https://nexus.gtnewhorizons.com/repository/central-sonatype-snapshots/org/lwjgl/lwjgl-sdl/3.4.2-SNAPSHOT/lwjgl-sdl-3.4.2-20260213.173042-1-natives-linux-ppc64le.jar"}},"name":"org.lwjgl:lwjgl-sdl-natives-linux-ppc64le:3.4.2-20260213.173042-1","rules":[{"action":"allow","os":{"name":"linux-ppc64le"}}]},
{"downloads":{"artifact":{"sha1":"b8a1a0939cc5b170f3d17ed4ded82f572e717950","size":1636041,"url":"https://nexus.gtnewhorizons.com/repository/central-sonatype-snapshots/org/lwjgl/lwjgl-sdl/3.4.2-SNAPSHOT/lwjgl-sdl-3.4.2-20260213.173042-1-natives-linux.jar"}},"name":"org.lwjgl:lwjgl-sdl-natives-linux:3.4.2-20260213.173042-1","rules":[{"action":"allow","os":{"name":"linux"}}]},
{"downloads":{"artifact":{"sha1":"919570eb405e3ba351d961a44c7bb57ecbd459db","size":963479,"url":"https://nexus.gtnewhorizons.com/repository/central-sonatype-snapshots/org/lwjgl/lwjgl-sdl/3.4.2-SNAPSHOT/lwjgl-sdl-3.4.2-20260213.173042-1-natives-macos-arm64.jar"}},"name":"org.lwjgl:lwjgl-sdl-natives-macos-arm64:3.4.2-20260213.173042-1","rules":[{"action":"allow","os":{"name":"osx"}},{"action":"allow","os":{"name":"osx-arm64"}}]},
{"downloads":{"artifact":{"sha1":"0370962dd76fe57564e7f031c763819d40bb940a","size":1104484,"url":"https://nexus.gtnewhorizons.com/repository/central-sonatype-snapshots/org/lwjgl/lwjgl-sdl/3.4.2-SNAPSHOT/lwjgl-sdl-3.4.2-20260213.173042-1-natives-macos.jar"}},"name":"org.lwjgl:lwjgl-sdl-natives-macos:3.4.2-20260213.173042-1","rules":[{"action":"allow","os":{"name":"osx"}}]},
{"downloads":{"artifact":{"sha1":"b2101dc290605546cc5825790f1c4b154b38d426","size":1091839,"url":"https://nexus.gtnewhorizons.com/repository/central-sonatype-snapshots/org/lwjgl/lwjgl-sdl/3.4.2-SNAPSHOT/lwjgl-sdl-3.4.2-20260213.173042-1-natives-windows-arm64.jar"}},"name":"org.lwjgl:lwjgl-sdl-natives-windows-arm64:3.4.2-20260213.173042-1","rules":[{"action":"allow","os":{"name":"windows"}},{"action":"allow","os":{"name":"windows-arm64"}}]},
{"downloads":{"artifact":{"sha1":"266a23e8b38583c40992f9dfd998b460ad8a26c3","size":1063103,"url":"https://nexus.gtnewhorizons.com/repository/central-sonatype-snapshots/org/lwjgl/lwjgl-sdl/3.4.2-SNAPSHOT/lwjgl-sdl-3.4.2-20260213.173042-1-natives-windows-x86.jar"}},"name":"org.lwjgl:lwjgl-sdl-natives-windows-x86:3.4.2-20260213.173042-1","rules":[{"action":"allow","os":{"name":"windows"}}]},
{"downloads":{"artifact":{"sha1":"33f8c53709959671ab4ea4819f7f88095f470b14","size":1228931,"url":"https://nexus.gtnewhorizons.com/repository/central-sonatype-snapshots/org/lwjgl/lwjgl-sdl/3.4.2-SNAPSHOT/lwjgl-sdl-3.4.2-20260213.173042-1-natives-windows.jar"}},"name":"org.lwjgl:lwjgl-sdl-natives-windows:3.4.2-20260213.173042-1","rules":[{"action":"allow","os":{"name":"windows"}}]},
{"downloads":{"artifact":{"sha1":"2d62a1fc0fd3ec7197b733bc38fcd151d278ad45","size":983528,"url":"https://nexus.gtnewhorizons.com/repository/central-sonatype-snapshots/org/lwjgl/lwjgl-sdl/3.4.2-SNAPSHOT/lwjgl-sdl-3.4.2-20260213.173042-1.jar"}},"name":"org.lwjgl:lwjgl-sdl:3.4.2-20260213.173042-1"},
{"downloads":{"artifact":{"sha1":"b23ab3bae835ddea475c63d2b8fa2ac3e2b28166","size":52935,"url":"https://nexus.gtnewhorizons.com/repository/central-sonatype-snapshots/org/lwjgl/lwjgl-spng/3.4.2-SNAPSHOT/lwjgl-spng-3.4.2-20260213.173042-1-natives-freebsd.jar"}},"name":"org.lwjgl:lwjgl-spng-natives-freebsd:3.4.2-20260213.173042-1","rules":[{"action":"allow","os":{"name":"freebsd"}}]},
{"downloads":{"artifact":{"sha1":"712960552355839bb33e889695f87239ecbf391f","size":46353,"url":"https://nexus.gtnewhorizons.com/repository/central-sonatype-snapshots/org/lwjgl/lwjgl-spng/3.4.2-SNAPSHOT/lwjgl-spng-3.4.2-20260213.173042-1-natives-linux-arm32.jar"}},"name":"org.lwjgl:lwjgl-spng-natives-linux-arm32:3.4.2-20260213.173042-1","rules":[{"action":"allow","os":{"name":"linux-arm32"}}]},
{"downloads":{"artifact":{"sha1":"b7810ac8ccf3ef1546169ea73a7409e929d90c5f","size":58040,"url":"https://nexus.gtnewhorizons.com/repository/central-sonatype-snapshots/org/lwjgl/lwjgl-spng/3.4.2-SNAPSHOT/lwjgl-spng-3.4.2-20260213.173042-1-natives-linux-arm64.jar"}},"name":"org.lwjgl:lwjgl-spng-natives-linux-arm64:3.4.2-20260213.173042-1","rules":[{"action":"allow","os":{"name":"linux-arm64"}}]},
{"downloads":{"artifact":{"sha1":"7ca54d007021a60cc018eea55cb02a397b3ab8d5","size":69845,"url":"https://nexus.gtnewhorizons.com/repository/central-sonatype-snapshots/org/lwjgl/lwjgl-spng/3.4.2-SNAPSHOT/lwjgl-spng-3.4.2-20260213.173042-1-natives-linux-ppc64le.jar"}},"name":"org.lwjgl:lwjgl-spng-natives-linux-ppc64le:3.4.2-20260213.173042-1","rules":[{"action":"allow","os":{"name":"linux-ppc64le"}}]},
{"downloads":{"artifact":{"sha1":"011d37755a951c72f8644464cee243ebdab22047","size":64387,"url":"https://nexus.gtnewhorizons.com/repository/central-sonatype-snapshots/org/lwjgl/lwjgl-spng/3.4.2-SNAPSHOT/lwjgl-spng-3.4.2-20260213.173042-1-natives-linux.jar"}},"name":"org.lwjgl:lwjgl-spng-natives-linux:3.4.2-20260213.173042-1","rules":[{"action":"allow","os":{"name":"linux"}}]},
{"downloads":{"artifact":{"sha1":"4fe93ccc27f44ad6679116cc9404131153a2601f","size":73570,"url":"https://nexus.gtnewhorizons.com/repository/central-sonatype-snapshots/org/lwjgl/lwjgl-spng/3.4.2-SNAPSHOT/lwjgl-spng-3.4.2-20260213.173042-1-natives-macos-arm64.jar"}},"name":"org.lwjgl:lwjgl-spng-natives-macos-arm64:3.4.2-20260213.173042-1","rules":[{"action":"allow","os":{"name":"osx"}},{"action":"allow","os":{"name":"osx-arm64"}}]},
{"downloads":{"artifact":{"sha1":"d38b1cbabfbaf9670a6e025bc5d57dfbd4a22caf","size":80411,"url":"https://nexus.gtnewhorizons.com/repository/central-sonatype-snapshots/org/lwjgl/lwjgl-spng/3.4.2-SNAPSHOT/lwjgl-spng-3.4.2-20260213.173042-1-natives-macos.jar"}},"name":"org.lwjgl:lwjgl-spng-natives-macos:3.4.2-20260213.173042-1","rules":[{"action":"allow","os":{"name":"osx"}}]},
{"downloads":{"artifact":{"sha1":"c50ab11269fd3a43b52eb3e6dc3571cb8da72010","size":94763,"url":"https://nexus.gtnewhorizons.com/repository/central-sonatype-snapshots/org/lwjgl/lwjgl-spng/3.4.2-SNAPSHOT/lwjgl-spng-3.4.2-20260213.173042-1-natives-windows-arm64.jar"}},"name":"org.lwjgl:lwjgl-spng-natives-windows-arm64:3.4.2-20260213.173042-1","rules":[{"action":"allow","os":{"name":"windows"}},{"action":"allow","os":{"name":"windows-arm64"}}]},
{"downloads":{"artifact":{"sha1":"bbc640aeef246bbb3b5476118f1f40565d38e1b4","size":100571,"url":"https://nexus.gtnewhorizons.com/repository/central-sonatype-snapshots/org/lwjgl/lwjgl-spng/3.4.2-SNAPSHOT/lwjgl-spng-3.4.2-20260213.173042-1-natives-windows-x86.jar"}},"name":"org.lwjgl:lwjgl-spng-natives-windows-x86:3.4.2-20260213.173042-1","rules":[{"action":"allow","os":{"name":"windows"}}]},
{"downloads":{"artifact":{"sha1":"6a7b2e1287123409f98324f0c933ca53169e4c78","size":108830,"url":"https://nexus.gtnewhorizons.com/repository/central-sonatype-snapshots/org/lwjgl/lwjgl-spng/3.4.2-SNAPSHOT/lwjgl-spng-3.4.2-20260213.173042-1-natives-windows.jar"}},"name":"org.lwjgl:lwjgl-spng-natives-windows:3.4.2-20260213.173042-1","rules":[{"action":"allow","os":{"name":"windows"}}]},
{"downloads":{"artifact":{"sha1":"c40cbde396f0764d46112d6eca441edc5f6206fa","size":120676,"url":"https://nexus.gtnewhorizons.com/repository/central-sonatype-snapshots/org/lwjgl/lwjgl-spng/3.4.2-SNAPSHOT/lwjgl-spng-3.4.2-20260213.173042-1.jar"}},"name":"org.lwjgl:lwjgl-spng:3.4.2-20260213.173042-1"},
{"downloads":{"artifact":{"sha1":"0d93ae273124c3d95ba88238f7c14c12e2b44acd","size":224831,"url":"https://nexus.gtnewhorizons.com/repository/central-sonatype-snapshots/org/lwjgl/lwjgl-stb/3.4.2-SNAPSHOT/lwjgl-stb-3.4.2-20260213.173042-1-natives-freebsd.jar"}},"name":"org.lwjgl:lwjgl-stb-natives-freebsd:3.4.2-20260213.173042-1","rules":[{"action":"allow","os":{"name":"freebsd"}}]},
{"downloads":{"artifact":{"sha1":"6726f9b0016b16e73cd0e1a5267dc54959473a41","size":197301,"url":"https://nexus.gtnewhorizons.com/repository/central-sonatype-snapshots/org/lwjgl/lwjgl-stb/3.4.2-SNAPSHOT/lwjgl-stb-3.4.2-20260213.173042-1-natives-linux-arm32.jar"}},"name":"org.lwjgl:lwjgl-stb-natives-linux-arm32:3.4.2-20260213.173042-1","rules":[{"action":"allow","os":{"name":"linux-arm32"}}]},
{"downloads":{"artifact":{"sha1":"47a8f2f99b71de4df970c2af7ab34f7c3dd5f116","size":259127,"url":"https://nexus.gtnewhorizons.com/repository/central-sonatype-snapshots/org/lwjgl/lwjgl-stb/3.4.2-SNAPSHOT/lwjgl-stb-3.4.2-20260213.173042-1-natives-linux-arm64.jar"}},"name":"org.lwjgl:lwjgl-stb-natives-linux-arm64:3.4.2-20260213.173042-1","rules":[{"action":"allow","os":{"name":"linux-arm64"}}]},
{"downloads":{"artifact":{"sha1":"92dad850d1c9257edcd2701baa82664b0e7b335e","size":336040,"url":"https://nexus.gtnewhorizons.com/repository/central-sonatype-snapshots/org/lwjgl/lwjgl-stb/3.4.2-SNAPSHOT/lwjgl-stb-3.4.2-20260213.173042-1-natives-linux-ppc64le.jar"}},"name":"org.lwjgl:lwjgl-stb-natives-linux-ppc64le:3.4.2-20260213.173042-1","rules":[{"action":"allow","os":{"name":"linux-ppc64le"}}]},
{"downloads":{"artifact":{"sha1":"0ba2e761308b47a1aefa670da51a2f93ca049691","size":285933,"url":"https://nexus.gtnewhorizons.com/repository/central-sonatype-snapshots/org/lwjgl/lwjgl-stb/3.4.2-SNAPSHOT/lwjgl-stb-3.4.2-20260213.173042-1-natives-linux.jar"}},"name":"org.lwjgl:lwjgl-stb-natives-linux:3.4.2-20260213.173042-1","rules":[{"action":"allow","os":{"name":"linux"}}]},
{"downloads":{"artifact":{"sha1":"90ecd30607645e32a50ebe8072cd6a22f57dd8e2","size":185552,"url":"https://nexus.gtnewhorizons.com/repository/central-sonatype-snapshots/org/lwjgl/lwjgl-stb/3.4.2-SNAPSHOT/lwjgl-stb-3.4.2-20260213.173042-1-natives-macos-arm64.jar"}},"name":"org.lwjgl:lwjgl-stb-natives-macos-arm64:3.4.2-20260213.173042-1","rules":[{"action":"allow","os":{"name":"osx"}},{"action":"allow","os":{"name":"osx-arm64"}}]},
{"downloads":{"artifact":{"sha1":"b2ed377b64539cb87a72554e5a4f5697baa4d5b4","size":217623,"url":"https://nexus.gtnewhorizons.com/repository/central-sonatype-snapshots/org/lwjgl/lwjgl-stb/3.4.2-SNAPSHOT/lwjgl-stb-3.4.2-20260213.173042-1-natives-macos.jar"}},"name":"org.lwjgl:lwjgl-stb-natives-macos:3.4.2-20260213.173042-1","rules":[{"action":"allow","os":{"name":"osx"}}]},
{"downloads":{"artifact":{"sha1":"8f3c83eef1263ae823cc130a1e57e1053f04b6b3","size":241143,"url":"https://nexus.gtnewhorizons.com/repository/central-sonatype-snapshots/org/lwjgl/lwjgl-stb/3.4.2-SNAPSHOT/lwjgl-stb-3.4.2-20260213.173042-1-natives-windows-arm64.jar"}},"name":"org.lwjgl:lwjgl-stb-natives-windows-arm64:3.4.2-20260213.173042-1","rules":[{"action":"allow","os":{"name":"windows"}},{"action":"allow","os":{"name":"windows-arm64"}}]},
{"downloads":{"artifact":{"sha1":"d9d9b6cee0a571a4cbc7ae7b3ac01acd4acefe75","size":254294,"url":"https://nexus.gtnewhorizons.com/repository/central-sonatype-snapshots/org/lwjgl/lwjgl-stb/3.4.2-SNAPSHOT/lwjgl-stb-3.4.2-20260213.173042-1-natives-windows-x86.jar"}},"name":"org.lwjgl:lwjgl-stb-natives-windows-x86:3.4.2-20260213.173042-1","rules":[{"action":"allow","os":{"name":"windows"}}]},
{"downloads":{"artifact":{"sha1":"46414b002931f89cb75d27eab97234867f260a59","size":293108,"url":"https://nexus.gtnewhorizons.com/repository/central-sonatype-snapshots/org/lwjgl/lwjgl-stb/3.4.2-SNAPSHOT/lwjgl-stb-3.4.2-20260213.173042-1-natives-windows.jar"}},"name":"org.lwjgl:lwjgl-stb-natives-windows:3.4.2-20260213.173042-1","rules":[{"action":"allow","os":{"name":"windows"}}]},
{"downloads":{"artifact":{"sha1":"fb767ff11687c591e2b16f0597b4aab0a64d3ca5","size":142938,"url":"https://nexus.gtnewhorizons.com/repository/central-sonatype-snapshots/org/lwjgl/lwjgl-stb/3.4.2-SNAPSHOT/lwjgl-stb-3.4.2-20260213.173042-1.jar"}},"name":"org.lwjgl:lwjgl-stb:3.4.2-20260213.173042-1"},
{"downloads":{"artifact":{"sha1":"40d25398076ba936cc8338c7f3e1dbd556403ec7","size":40482,"url":"https://nexus.gtnewhorizons.com/repository/central-sonatype-snapshots/org/lwjgl/lwjgl-tinyfd/3.4.2-SNAPSHOT/lwjgl-tinyfd-3.4.2-20260213.173042-1-natives-freebsd.jar"}},"name":"org.lwjgl:lwjgl-tinyfd-natives-freebsd:3.4.2-20260213.173042-1","rules":[{"action":"allow","os":{"name":"freebsd"}}]},
{"downloads":{"artifact":{"sha1":"4316791b835c50f8cb29ecc43f364c124c907786","size":49914,"url":"https://nexus.gtnewhorizons.com/repository/central-sonatype-snapshots/org/lwjgl/lwjgl-tinyfd/3.4.2-SNAPSHOT/lwjgl-tinyfd-3.4.2-20260213.173042-1-natives-linux-arm32.jar"}},"name":"org.lwjgl:lwjgl-tinyfd-natives-linux-arm32:3.4.2-20260213.173042-1","rules":[{"action":"allow","os":{"name":"linux-arm32"}}]},
{"downloads":{"artifact":{"sha1":"e6f4ef23e818708fb5f2f80dcca5df199d73d5f4","size":45444,"url":"https://nexus.gtnewhorizons.com/repository/central-sonatype-snapshots/org/lwjgl/lwjgl-tinyfd/3.4.2-SNAPSHOT/lwjgl-tinyfd-3.4.2-20260213.173042-1-natives-linux-arm64.jar"}},"name":"org.lwjgl:lwjgl-tinyfd-natives-linux-arm64:3.4.2-20260213.173042-1","rules":[{"action":"allow","os":{"name":"linux-arm64"}}]},
{"downloads":{"artifact":{"sha1":"a8664b30aea72ac1ad6d43cafaa49cccbb059e05","size":56671,"url":"https://nexus.gtnewhorizons.com/repository/central-sonatype-snapshots/org/lwjgl/lwjgl-tinyfd/3.4.2-SNAPSHOT/lwjgl-tinyfd-3.4.2-20260213.173042-1-natives-linux-ppc64le.jar"}},"name":"org.lwjgl:lwjgl-tinyfd-natives-linux-ppc64le:3.4.2-20260213.173042-1","rules":[{"action":"allow","os":{"name":"linux-ppc64le"}}]},
{"downloads":{"artifact":{"sha1":"2243b75a36f626779618bdb26587a16d2dd36222","size":45113,"url":"https://nexus.gtnewhorizons.com/repository/central-sonatype-snapshots/org/lwjgl/lwjgl-tinyfd/3.4.2-SNAPSHOT/lwjgl-tinyfd-3.4.2-20260213.173042-1-natives-linux.jar"}},"name":"org.lwjgl:lwjgl-tinyfd-natives-linux:3.4.2-20260213.173042-1","rules":[{"action":"allow","os":{"name":"linux"}}]},
{"downloads":{"artifact":{"sha1":"cebf36b964599bbfca9f4f4a589f2aa7c6a67a1b","size":34376,"url":"https://nexus.gtnewhorizons.com/repository/central-sonatype-snapshots/org/lwjgl/lwjgl-tinyfd/3.4.2-SNAPSHOT/lwjgl-tinyfd-3.4.2-20260213.173042-1-natives-macos-arm64.jar"}},"name":"org.lwjgl:lwjgl-tinyfd-natives-macos-arm64:3.4.2-20260213.173042-1","rules":[{"action":"allow","os":{"name":"osx"}},{"action":"allow","os":{"name":"osx-arm64"}}]},
{"downloads":{"artifact":{"sha1":"ff11e7f07ad627d33bf4a64b4064caef2c760513","size":37161,"url":"https://nexus.gtnewhorizons.com/repository/central-sonatype-snapshots/org/lwjgl/lwjgl-tinyfd/3.4.2-SNAPSHOT/lwjgl-tinyfd-3.4.2-20260213.173042-1-natives-macos.jar"}},"name":"org.lwjgl:lwjgl-tinyfd-natives-macos:3.4.2-20260213.173042-1","rules":[{"action":"allow","os":{"name":"osx"}}]},
{"downloads":{"artifact":{"sha1":"451bf8b0ddeccae818deeac57d666205e8d804c6","size":114080,"url":"https://nexus.gtnewhorizons.com/repository/central-sonatype-snapshots/org/lwjgl/lwjgl-tinyfd/3.4.2-SNAPSHOT/lwjgl-tinyfd-3.4.2-20260213.173042-1-natives-windows-arm64.jar"}},"name":"org.lwjgl:lwjgl-tinyfd-natives-windows-arm64:3.4.2-20260213.173042-1","rules":[{"action":"allow","os":{"name":"windows"}},{"action":"allow","os":{"name":"windows-arm64"}}]},
{"downloads":{"artifact":{"sha1":"688aa650874ece4ed834fa37b66eb787c044f586","size":113402,"url":"https://nexus.gtnewhorizons.com/repository/central-sonatype-snapshots/org/lwjgl/lwjgl-tinyfd/3.4.2-SNAPSHOT/lwjgl-tinyfd-3.4.2-20260213.173042-1-natives-windows-x86.jar"}},"name":"org.lwjgl:lwjgl-tinyfd-natives-windows-x86:3.4.2-20260213.173042-1","rules":[{"action":"allow","os":{"name":"windows"}}]},
{"downloads":{"artifact":{"sha1":"4e66a882457bfe5857ab5f4621ef975abf2d8ec5","size":131207,"url":"https://nexus.gtnewhorizons.com/repository/central-sonatype-snapshots/org/lwjgl/lwjgl-tinyfd/3.4.2-SNAPSHOT/lwjgl-tinyfd-3.4.2-20260213.173042-1-natives-windows.jar"}},"name":"org.lwjgl:lwjgl-tinyfd-natives-windows:3.4.2-20260213.173042-1","rules":[{"action":"allow","os":{"name":"windows"}}]},
{"downloads":{"artifact":{"sha1":"48a96a3e898385c118c15a3918d968f07d07c669","size":15944,"url":"https://nexus.gtnewhorizons.com/repository/central-sonatype-snapshots/org/lwjgl/lwjgl-tinyfd/3.4.2-SNAPSHOT/lwjgl-tinyfd-3.4.2-20260213.173042-1.jar"}},"name":"org.lwjgl:lwjgl-tinyfd:3.4.2-20260213.173042-1"},
{"downloads":{"artifact":{"sha1":"d5457553b5af2d8050b3e6f1a2a4f4f871616a0a","size":290613,"url":"https://nexus.gtnewhorizons.com/repository/central-sonatype-snapshots/org/lwjgl/lwjgl-zstd/3.4.2-SNAPSHOT/lwjgl-zstd-3.4.2-20260213.173042-1-natives-freebsd.jar"}},"name":"org.lwjgl:lwjgl-zstd-natives-freebsd:3.4.2-20260213.173042-1","rules":[{"action":"allow","os":{"name":"freebsd"}}]},
{"downloads":{"artifact":{"sha1":"ccf71fd92f92be43933eb5ef80dce5e3fc1b6cc2","size":278179,"url":"https://nexus.gtnewhorizons.com/repository/central-sonatype-snapshots/org/lwjgl/lwjgl-zstd/3.4.2-SNAPSHOT/lwjgl-zstd-3.4.2-20260213.173042-1-natives-linux-arm32.jar"}},"name":"org.lwjgl:lwjgl-zstd-natives-linux-arm32:3.4.2-20260213.173042-1","rules":[{"action":"allow","os":{"name":"linux-arm32"}}]},
{"downloads":{"artifact":{"sha1":"3fd6ff3bbd66682d0a6f8ba22d6dce4b751ad390","size":311489,"url":"https://nexus.gtnewhorizons.com/repository/central-sonatype-snapshots/org/lwjgl/lwjgl-zstd/3.4.2-SNAPSHOT/lwjgl-zstd-3.4.2-20260213.173042-1-natives-linux-arm64.jar"}},"name":"org.lwjgl:lwjgl-zstd-natives-linux-arm64:3.4.2-20260213.173042-1","rules":[{"action":"allow","os":{"name":"linux-arm64"}}]},
{"downloads":{"artifact":{"sha1":"e0d9ea6735bfa0d13ddf1039ae1745c08e52e827","size":386548,"url":"https://nexus.gtnewhorizons.com/repository/central-sonatype-snapshots/org/lwjgl/lwjgl-zstd/3.4.2-SNAPSHOT/lwjgl-zstd-3.4.2-20260213.173042-1-natives-linux-ppc64le.jar"}},"name":"org.lwjgl:lwjgl-zstd-natives-linux-ppc64le:3.4.2-20260213.173042-1","rules":[{"action":"allow","os":{"name":"linux-ppc64le"}}]},
{"downloads":{"artifact":{"sha1":"a91574ce77f59db641ae056570935883dadc3e8f","size":348827,"url":"https://nexus.gtnewhorizons.com/repository/central-sonatype-snapshots/org/lwjgl/lwjgl-zstd/3.4.2-SNAPSHOT/lwjgl-zstd-3.4.2-20260213.173042-1-natives-linux.jar"}},"name":"org.lwjgl:lwjgl-zstd-natives-linux:3.4.2-20260213.173042-1","rules":[{"action":"allow","os":{"name":"linux"}}]},
{"downloads":{"artifact":{"sha1":"1a8455a1563e4209be94d6d9ae7478c102dbe032","size":254909,"url":"https://nexus.gtnewhorizons.com/repository/central-sonatype-snapshots/org/lwjgl/lwjgl-zstd/3.4.2-SNAPSHOT/lwjgl-zstd-3.4.2-20260213.173042-1-natives-macos-arm64.jar"}},"name":"org.lwjgl:lwjgl-zstd-natives-macos-arm64:3.4.2-20260213.173042-1","rules":[{"action":"allow","os":{"name":"osx"}},{"action":"allow","os":{"name":"osx-arm64"}}]},
{"downloads":{"artifact":{"sha1":"94c4fe90d906c668f1393e9d4525e18b09abd2db","size":337230,"url":"https://nexus.gtnewhorizons.com/repository/central-sonatype-snapshots/org/lwjgl/lwjgl-zstd/3.4.2-SNAPSHOT/lwjgl-zstd-3.4.2-20260213.173042-1-natives-macos.jar"}},"name":"org.lwjgl:lwjgl-zstd-natives-macos:3.4.2-20260213.173042-1","rules":[{"action":"allow","os":{"name":"osx"}}]},
{"downloads":{"artifact":{"sha1":"5d4df56ca202610789fdc6fccabd2729105df053","size":236940,"url":"https://nexus.gtnewhorizons.com/repository/central-sonatype-snapshots/org/lwjgl/lwjgl-zstd/3.4.2-SNAPSHOT/lwjgl-zstd-3.4.2-20260213.173042-1-natives-windows-arm64.jar"}},"name":"org.lwjgl:lwjgl-zstd-natives-windows-arm64:3.4.2-20260213.173042-1","rules":[{"action":"allow","os":{"name":"windows"}},{"action":"allow","os":{"name":"windows-arm64"}}]},
{"downloads":{"artifact":{"sha1":"bd3f6170a6f6117be589907d015b3b52442ffc15","size":229023,"url":"https://nexus.gtnewhorizons.com/repository/central-sonatype-snapshots/org/lwjgl/lwjgl-zstd/3.4.2-SNAPSHOT/lwjgl-zstd-3.4.2-20260213.173042-1-natives-windows-x86.jar"}},"name":"org.lwjgl:lwjgl-zstd-natives-windows-x86:3.4.2-20260213.173042-1","rules":[{"action":"allow","os":{"name":"windows"}}]},
{"downloads":{"artifact":{"sha1":"8d907b4d35577fb7b7bfab833fb8fdad1b76692d","size":261815,"url":"https://nexus.gtnewhorizons.com/repository/central-sonatype-snapshots/org/lwjgl/lwjgl-zstd/3.4.2-SNAPSHOT/lwjgl-zstd-3.4.2-20260213.173042-1-natives-windows.jar"}},"name":"org.lwjgl:lwjgl-zstd-natives-windows:3.4.2-20260213.173042-1","rules":[{"action":"allow","os":{"name":"windows"}}]},
{"downloads":{"artifact":{"sha1":"8e8ef875bbfaa43ca63e9e242f56881420938f1d","size":88606,"url":"https://nexus.gtnewhorizons.com/repository/central-sonatype-snapshots/org/lwjgl/lwjgl-zstd/3.4.2-SNAPSHOT/lwjgl-zstd-3.4.2-20260213.173042-1.jar"}},"name":"org.lwjgl:lwjgl-zstd:3.4.2-20260213.173042-1"},
{"downloads":{"artifact":{"sha1":"7ba3ad55c1277de8df519d95a52cf96c977ca3f9","size":1158372,"url":"https://nexus.gtnewhorizons.com/repository/central-sonatype-snapshots/org/lwjgl/lwjgl/3.4.2-SNAPSHOT/lwjgl-3.4.2-20260213.173042-1.jar"}},"name":"org.lwjgl:lwjgl:3.4.2-20260213.173042-1"}
    ],
    "name": "LWJGL 3",
    "order": -1,
    "releaseTime": "2024-04-22T13:42:34+00:00",
    "type": "release",
    "uid": "org.lwjgl3",
    "version": "3.4.2-20260213.173042-1",
    "volatile": true
}
